Code,Collection,Category,Name,Variant Name,Price,In Stock,URL,Image URL,Body
,,,,,,,,,
9118001,Académie Scientifique de Beauté,Fond de teint soin,Fond de Teint Soin Régénérant,Ivoire 01,43,Yes,https://www.academiebeaute.com/products/fond-de-teint-regenerant,https://cdn.shopify.com/s/files/1/0619/6045/4312/products/Teint_fond_de_teint_soin_regenerant_01Ivoire.png?v=1666079183,<p>L'efficacité d'un soin et la couvrance d'un fond de teint.</p>
,,,,,,,,,
9118002,Académie Scientifique de Beauté,Fond de teint soin,Fond de Teint Soin Régénérant,Miel 02,43,Yes,https://www.academiebeaute.com/products/fond-de-teint-regenerant,https://cdn.shopify.com/s/files/1/0619/6045/4312/products/fdt-02.jpg?v=1669130566,<p>L'efficacité d'un soin et la couvrance d'un fond de teint.</p>
,,,,,,,,,
9118003,Académie Scientifique de Beauté,Fond de teint soin,Fond de Teint Soin Régénérant,Cannelle 03,43,Yes,https://www.academiebeaute.com/products/fond-de-teint-regenerant,https://cdn.shopify.com/s/files/1/0619/6045/4312/products/fdt-03.jpg?v=1669130566,<p>L'efficacité d'un soin et la couvrance d'un fond de teint.</p>
,,,,,,,,,
9118004,Académie Scientifique de Beauté,Fond de teint soin,Fond de Teint Soin Régénérant,Noisette 04,43,Yes,https://www.academiebeaute.com/products/fond-de-teint-regenerant,https://cdn.shopify.com/s/files/1/0619/6045/4312/products/fdt-04.jpg?v=1669130566,<p>L'efficacité d'un soin et la couvrance d'un fond de teint.</p>
,,,,,,,,,
9118005,Académie Scientifique de Beauté,Fond de teint soin,Fond de Teint Soin Régénérant,Moka 05,43,Yes,https://www.academiebeaute.com/products/fond-de-teint-regenerant,https://cdn.shopify.com/s/files/1/0619/6045/4312/products/fdt-05.jpg?v=1669130566,<p>L'efficacité d'un soin et la couvrance d'un fond de teint.</p>
,,,,,,,,,
2060002,Académie Scientifique de Beauté,Crème anti-âge,Sève Miracle - La Crème,Default Title,63,Yes,https://www.academiebeaute.com/products/seve-miracle-la-creme,https://cdn.shopify.com/s/files/1/0619/6045/4312/products/Seve_la_creme-jour_nuit.png?v=1666080015,"<p>Plus de 50 ans après ses premiers émois, Sève Miracle ? La Crème est le soin culte pro-age qui aide à prévenir l'apparition des premiers signes de l'âge et revitalise la peau.<br></p>"
,,,,,,,,,
3223000,Académie Scientifique de Beauté,Déodorant Anti-transpirant Post-épilation,Déodorant Roll-on Anti-transpirant Post-épilation,Default Title,30,Yes,https://www.academiebeaute.com/products/deodorant-roll-on-anti-transpirant-post-epilation,https://cdn.shopify.com/s/files/1/0619/6045/4312/products/Les_essentiels_corps_deodorant_roll-on_anti-transpirant_post-epilation.png?v=1666077861,<p>Alliance parfaite d'une action déodorante et anti-repousse du poil.</p>
,,,,,,,,,
2160112,Académie Scientifique de Beauté,Lait corps collagène marin,Lait pour le Corps au Collagène Marin,Default Title,34,Yes,https://www.academiebeaute.com/products/lait-pour-le-corps-au-collagene-marin,https://cdn.shopify.com/s/files/1/0619/6045/4312/products/Les_essentiels_corps_lait_pour_le_corps_au_collagene_marin.png?v=1666077903,<p>Pour une hydratation rapide au quotidien.</p>
,,,,,,,,,
9120001,Académie Scientifique de Beauté,,Crème Teintée Multi-Effets,Naturel 01,38,No,https://www.academiebeaute.com/products/creme-teintee-multi-effets,https://cdn.shopify.com/s/files/1/0619/6045/4312/products/Teint_creme_teintee_multi-effect_naturel1.png?v=1666265980,<p>BB crème 3 en 1 pour un effet seconde peau.</p>
,,,,,,,,,
9120002,Académie Scientifique de Beauté,,Crème Teintée Multi-Effets,Beige rosé 02,38,Yes,https://www.academiebeaute.com/products/creme-teintee-multi-effets,https://cdn.shopify.com/s/files/1/0619/6045/4312/products/Teint_creme_teintee_multi-effect_beige_rose2.png?v=1669131276,<p>BB crème 3 en 1 pour un effet seconde peau.</p>
,,,,,,,,,
9120003,Académie Scientifique de Beauté,,Crème Teintée Multi-Effets,Sable 03,38,Yes,https://www.academiebeaute.com/products/creme-teintee-multi-effets,https://cdn.shopify.com/s/files/1/0619/6045/4312/products/Teint_creme_teintee_multi-effect_sable3.png?v=1669131276,<p>BB crème 3 en 1 pour un effet seconde peau.</p>
,,,,,,,,,
9120004,Académie Scientifique de Beauté,,Crème Teintée Multi-Effets,Doré 04,38,Yes,https://www.academiebeaute.com/products/creme-teintee-multi-effets,https://cdn.shopify.com/s/files/1/0619/6045/4312/products/Teint_creme_teintee_multi-effect_golden4.png?v=1669131276,<p>BB crème 3 en 1 pour un effet seconde peau.</p>
,,,,,,,,,
9105002,Académie Scientifique de Beauté,Soin anti-âge contour des yeux,Soin Lissant Contours Yeux & Lèvres,Default Title,48,Yes,https://www.academiebeaute.com/products/soin-lissant-contours-yeux-levres,https://cdn.shopify.com/s/files/1/0619/6045/4312/products/Produit_Youth_Repair_soins_lissant_contour_yeux_levres_creme_masque_jeunesse_4d2343f9-23c2-447f-8aeb-216ce775ad1a.png?v=1666341055,<p>Crème &amp; masque jeunesse.</p>
,,,,,,,,,
2062002,Académie Scientifique de Beauté,Crème contour des yeux anti-âge,Sève Miracle - Le Regard,Default Title,41,Yes,https://www.academiebeaute.com/products/seve-miracle-le-regard,https://cdn.shopify.com/s/files/1/0619/6045/4312/products/Seve_miracle_le_regard.png?v=1666080035,"<p>Né de la cultissime Sève Miracle, ce soin clarté du regard raffermit et régénère le contour des yeux.<br></p>"
,,,,,,,,,
9123002,Académie Scientifique de Beauté,Soin des lèvres,Lèvres 3D Perfection,Default Title,38,Yes,https://www.academiebeaute.com/products/levres-3d-perfection,https://cdn.shopify.com/s/files/1/0619/6045/4312/products/Youth_Repair_levres_3Dperfection_soin_regenerant.png?v=1666092585,<p>Inspiré des injections de comblement à l'acide hyaluronique.</p>
,,,,,,,,,
2011000,Académie Scientifique de Beauté,Gommage visage marin,Phyto-Gommage Marin,Default Title,19.2,Yes,https://www.academiebeaute.com/products/phyto-gommage-marin,https://cdn.shopify.com/s/files/1/0619/6045/4312/products/Phyto-gommage_marin_toutes_peaux.png?v=1666188773,"<p>Exfoliez et affinez visiblement le grain de peau.</p>
<p>50 ml </p>"
,,,,,,,,,
3300000,Académie Scientifique de Beauté,Gommage corps,Gommage Corps Granité du Lagon,Default Title,16,Yes,https://www.academiebeaute.com/products/gommage-corps-granite-du-lagon,https://cdn.shopify.com/s/files/1/0619/6045/4312/products/SPA_Destination_Terre_des_Vahines_Gommage_corps_granite_du-lagon_5114d3df-4a53-41d6-8660-37d3a1a48647.png?v=1666341357,"<p>Inspiré de la Polynésie, notre gommage au sel, à la Fleur de Tiaré et à la coque de noix de coco exfoliante fond sur la peau pour éliminer délicatement les cellules mortes tout en laissant un film protecteur.</p>"
,,,,,,,,,
3301000,Académie Scientifique de Beauté,,Crème Corps Rêve Polynésien,Default Title,17,Yes,https://www.academiebeaute.com/products/creme-corps-reve-polynesien,https://cdn.shopify.com/s/files/1/0619/6045/4312/products/SPA_Destination_Terre_des_Vahines_creme_corps-reve-polynesien.png?v=1666077978,"<p><span data-mce-fragment=""1"">Inspirée de la Polynésie, c</span>ette crème hydratante pour le corps au parfum Fleur de Tiaré vous invite pour un voyage des sens à chaque application...</p>"
,,,,,,,,,
1600000,Académie Scientifique de Beauté,Gel nettoyant,Gel Nettoyant,Default Title,30,Yes,https://www.academiebeaute.com/products/gel-nettoyant,https://cdn.shopify.com/s/files/1/0619/6045/4312/products/Gel_nettoyant_peaux_mixtes_a_grasses.png?v=1666187987,<p>Gel nettoyant matifiant à l'Huile Essentielle de Lavande.</p>
,,,,,,,,,
4520001,Académie Scientifique de Beauté,Matifiant Homme,Baume Actif Hydratant Matifiant,Default Title,46,Yes,https://www.academiebeaute.com/products/baume-actif-hydratant-matifiant,https://cdn.shopify.com/s/files/1/0619/6045/4312/products/Men_baume_actif_hydratant_matifiant.png?v=1666091383,<p>2 en 1 - Hydratant &amp; Matifiant.</p>
,,,,,,,,,
518000,Académie Scientifique de Beauté,,Contour des Yeux Anti-Cernes Teinté,Default Title,39,Yes,https://www.academiebeaute.com/products/contour-des-yeux-anti-cernes-teinte,https://cdn.shopify.com/s/files/1/0619/6045/4312/products/Teint_contour_des_yeux_anti-cernes_teinte_ce515ccf-c071-4d7b-ae8f-be20ce2e0003.png?v=1666341102,<p>Traite et camoufle les cernes.</p>
,,,,,,,,,
1012711,Académie Scientifique de Beauté,Sérum hydratant,Sérum Hydraderm 24h - Édition Limitée,Default Title,58,Yes,https://www.academiebeaute.com/products/serum-hydraderm-24h-edition-limitee,https://cdn.shopify.com/s/files/1/0619/6045/4312/products/Hydraderm_serum_hydraderm24H_edition_limite.png?v=1666077793,<p>Pour une parfaite hydratation de votre peau.</p>
,,,,,,,,,
7389000,Académie Scientifique de Beauté,Ampoules Acide Hyaluronique,Ampoules Acide Hyaluronique,Default Title,42,Yes,https://www.academiebeaute.com/products/ampoules-acide-hyaluronique,https://cdn.shopify.com/s/files/1/0619/6045/4312/products/Youth_Repair_Ampoule_collagene_acide_hyaluronique.png?v=1666187318,<p>Cure intensive de 7 jours à l'Acide Hyaluronique <span data-mce-fragment="1">pour une peau intensément hydratée.</span></p>
,,,,,,,,,
7345000,Académie Scientifique de Beauté,Ampoules Collagène Marin,Ampoules Collagène Marin,Default Title,40,Yes,https://www.academiebeaute.com/products/ampoules-collagene-marin,https://cdn.shopify.com/s/files/1/0619/6045/4312/products/Youth_Repair_Ampoule_collagene_marin.png?v=1666187336,<p>Cure intensive de 7 jours de Collagène Marin pour un effet anti-âge radical. <br></p>
,,,,,,,,,
2082001,Académie Scientifique de Beauté,Démaquillant peaux grasses,Gel Démaquillant Purifiant,Default Title,25,Yes,https://www.academiebeaute.com/products/gel-demaquillant-purifiant,https://cdn.shopify.com/s/files/1/0619/6045/4312/products/Pure-gel_demaquillant_purifiant_vert.png?v=1666080365,<p>Démaquille et élimine les impuretés.</p>
,,,,,,,,,
9106002,Académie Scientifique de Beauté,Sérum anti-âge,Soin Lift Galbe,Default Title,58,Yes,https://www.academiebeaute.com/products/soin-lift-galbe,https://cdn.shopify.com/s/files/1/0619/6045/4312/products/Youth_Active_Lift_soins_lift_galbe.png?v=1666079530,<p>Resculptant Visage &amp; Cou.</p>
,,,,,,,,,
1004002,Académie Scientifique de Beauté,Crème hydratante,Crème Veloutée,Default Title,55,Yes,https://www.academiebeaute.com/products/creme-veloutee,https://cdn.shopify.com/s/files/1/0619/6045/4312/products/Hydraderm_creme_veloutee_hydratation-douceur.png?v=1666077658,<p>Maintient une hydratation fraîcheur de la peau.</p>
,,,,,,,,,
9100002,Académie Scientifique de Beauté,Soin hydratant peaux sèches,Soin Hydratant Régénérant,Default Title,76,Yes,https://www.academiebeaute.com/products/soin-hydratant-regenerant,https://cdn.shopify.com/s/files/1/0619/6045/4312/products/Produit_Youth_Repair_soins_hydratant_regenerant_creme_nutri_revitalisante.png?v=1666092962,<p>Crème nutri-revitalisante.</p>
,,,,,,,,,
2068050,Académie Scientifique de Beauté,Masque anti-rougeurs,Masque Apaisant Anti-Rougeurs,Default Title,18,Yes,https://www.academiebeaute.com/products/masque-apaisant-anti-rougeurs,https://cdn.shopify.com/s/files/1/0619/6045/4312/products/Masque_apaisant_anti-rougeurs.png?v=1666188589,<p>Masque réconfortant pour les peaux irritées.</p>
,,,,,,,,,
1001002,Académie Scientifique de Beauté,Tonique hydratant,Tonique Hydratant,Default Title,24,Yes,https://www.academiebeaute.com/products/tonique-hydratant,https://cdn.shopify.com/s/files/1/0619/6045/4312/products/Hydraderm_tonique_hydratant.png?v=1666001497,<p>Démaquille et tonifie.</p>
,,,,,,,,,
2067002,Académie Scientifique de Beauté,Crème anti-rougeurs,Programme Anti-Rougeurs,Default Title,58,Yes,https://www.academiebeaute.com/products/programme-anti-rougeurs-1,https://cdn.shopify.com/s/files/1/0619/6045/4312/products/hypo-sensible_programme_anti-rougeurs.png?v=1673540100,Soin apaisant contre les rougeurs.
,,,,,,,,,
1009002,Académie Scientifique de Beauté,,Crème Riche,Default Title,55,Yes,https://www.academiebeaute.com/products/creme-riche,https://cdn.shopify.com/s/files/1/0619/6045/4312/products/Hydraderm_creme_riche_hydratation_reconfort.png?v=1666077640,<p>L'hydratation réconfort des peaux très sèches.</p>
,,,,,,,,,
2025000,Académie Scientifique de Beauté,Masque peeling,Masque Peeling Cocktail Exotique,Default Title,9.9,Yes,https://www.academiebeaute.com/products/masque-peeling-cocktail-exotique,https://cdn.shopify.com/s/files/1/0619/6045/4312/products/Masque_peeling_cocktail_exotique.png?v=1666188627,<p>Destination Jungle Tropicale !</p>
,,,,,,,,,
2075002,Académie Scientifique de Beauté,,Crème Hydrastiane Jeunesse,Default Title,42,Yes,https://www.academiebeaute.com/products/creme-hydrastiane-jeunesse,https://cdn.shopify.com/s/files/1/0619/6045/4312/products/Time_active_creme_hydrastiane_jeunesse.png?v=1666079594,<p>Le soin idéal des peaux surmenées par le quotidien !</p>
,,,,,,,,,
2090112,Académie Scientifique de Beauté,Tonique peaux sensibles,Tonique Hypo-Sensible,400 ml,28,Yes,https://www.academiebeaute.com/products/tonique-hypo-sensible-1,https://cdn.shopify.com/s/files/1/0619/6045/4312/products/tonique-hypo-sensible-xxl.png?v=1674634556,Tonifie en douceur.
,,,,,,,,,
2090002,Académie Scientifique de Beauté,Tonique peaux sensibles,Tonique Hypo-Sensible,200 ml,25,Yes,https://www.academiebeaute.com/products/tonique-hypo-sensible-1,https://cdn.shopify.com/s/files/1/0619/6045/4312/products/hypo-sensible_tonique.png?v=1673602254,Tonifie en douceur.
,,,,,,,,,
1003002,Académie Scientifique de Beauté,Fluide hydratant,Fluide Léger,Default Title,55,Yes,https://www.academiebeaute.com/products/fluide-leger,https://cdn.shopify.com/s/files/1/0619/6045/4312/products/Hydraderm_fluide_leger_fraicheur_43071781-d810-4bf9-ae03-67c745f8f613.png?v=1666278551,<p>Un fluide fondant pour une hydratation fraîcheur.</p>
,,,,,,,,,
517002,Académie Scientifique de Beauté,Soin des yeux,Liposomes Liftant Regard,Default Title,37,Yes,https://www.academiebeaute.com/products/liposomes-liftant-regard,https://cdn.shopify.com/s/files/1/0619/6045/4312/products/Youth_Active_Lift_Liposomes_liftant_regard_yeux_paupieres.png?v=1666079515,<p>Pour des paupières défroissées et un regard reposé.</p>
,,,,,,,,,
490010,Académie Scientifique de Beauté,Protection solaire SPF 6,Gel Bronzécran Sport Teinté SPF 6,Default Title,29,Yes,https://www.academiebeaute.com/products/gel-bronzecran-sport-teinte-spf-6,https://cdn.shopify.com/s/files/1/0619/6045/4312/products/Bronzecran_gel_bronzecran_sport_teinte.png?v=1666343511,<p>Idéal pour vos activités en plein air.</p>
,,,,,,,,,
2031002,Académie Scientifique de Beauté,Soin Éclat,Aquabaume Éclat,Default Title,40,Yes,https://www.academiebeaute.com/products/aquabaume-eclat,https://cdn.shopify.com/s/files/1/0619/6045/4312/products/Radiance_aquabaume_eclat.png?v=1666091040,<p>Réveillez votre peau avec ce soin coup de fouet à l'Extrait d'Abricot !</p>
,,,,,,,,,
1615000,Académie Scientifique de Beauté,Soin visage à la rose,Infusion de Nuit à la Rose,Default Title,66,Yes,https://www.academiebeaute.com/products/infusion-de-nuit-la-rose,https://cdn.shopify.com/s/files/1/0619/6045/4312/products/Aromatherapie_Infusion_de_nuit_a_la_rose.png?v=1666278376,<p>Crème Anti-Âge fondante à la rose.</p>
,,,,,,,,,
1012700,Académie Scientifique de Beauté,,Cracker Hydraderm,Default Title,55,Yes,https://www.academiebeaute.com/products/craker-hydraderm,https://cdn.shopify.com/s/files/1/0619/6045/4312/products/Hydraderm_Cracker_V1.png?v=1666345015,<p>Votre duo d?essentiels hydratants.</p>
,,,,,,,,,
804001,Académie Scientifique de Beauté,Lotion peau grasse,Lotion Juvanyl,Default Title,25,Yes,https://www.academiebeaute.com/products/lotion-juvanyl,https://cdn.shopify.com/s/files/1/0619/6045/4312/products/Pure_Lotion_Juvanyl_peaux_grasses_problemes.png?v=1666080300,<p>Lotion matifiante anti-imperfections. </p>
,,,,,,,,,
2070002,Académie Scientifique de Beauté,Crème peaux sensibles,Crème Universelle Hypo-Sensible,Default Title,32,Yes,https://www.academiebeaute.com/products/creme-universelle-hypo-sensible,https://cdn.shopify.com/s/files/1/0619/6045/4312/products/hypo-sensible_creme_universelle.png?v=1673601406,Véritable Soin Apaisant et Hydratant.
,,,,,,,,,
2070200,Académie Scientifique de Beauté,,Crème Hypo-Sensible,Default Title,18,Yes,https://www.academiebeaute.com/products/creme-hypo-sensible,https://cdn.shopify.com/s/files/1/0619/6045/4312/products/hypo-sensible_creme_hypo_sensible_peaux_seches.png?v=1666080658,<p>Traitement quotidien pour les peaux sèches et sensibles.</p>
,,,,,,,,,
407002,Académie Scientifique de Beauté,Crème peau sensible,Dermonyl,Default Title,48,Yes,https://www.academiebeaute.com/products/dermonyl-baume-relipidant,https://cdn.shopify.com/s/files/1/0619/6045/4312/products/hypo-sensible_dermonyl_baume_relipidant.png?v=1673538157,Baume relipidant.
,,,,,,,,,
1611000,Académie Scientifique de Beauté,Huile de soin Anti-âge,Huile de Soin Anti-Âge,Default Title,61,Yes,https://www.academiebeaute.com/products/huile-de-soin-anti-ge,https://cdn.shopify.com/s/files/1/0619/6045/4312/products/Huile_de_soin_anti-age_1e5b1a45-9caa-476f-95c5-863df5d960c1.png?v=1666270563,<p>Booster d'efficacité anti-âge.</p>
,,,,,,,,,
2030002,Académie Scientifique de Beauté,Sérum éclat du teint,Sérum Éclat 12h,Default Title,48,Yes,https://www.academiebeaute.com/products/serum-eclat-12h,https://cdn.shopify.com/s/files/1/0619/6045/4312/products/Radiance_serum_eclat12H.png?v=1666091115,<p>Véritable « élixir anti-fatigue » concentré en extrait d?abricot pour donner au teint une puissance d?éclat incomparable et afficher une peau zéro défaut. </p>
,,,,,,,,,
2080112,Académie Scientifique de Beauté,Lait démaquillant peaux sensibles,Lait Démaquillant Hypo-Sensible,400 ml,28,Yes,https://www.academiebeaute.com/products/lait-demaquillant-hypo-sensible-1,https://cdn.shopify.com/s/files/1/0619/6045/4312/products/lait-demaquillant-hypo-xxl.png?v=1674634310,Premier geste essentiel des peaux sensibles. Ce lait démaquillant est un véritable voile de douceur pour éliminer impuretés et maquillage.
,,,,,,,,,
2080002,Académie Scientifique de Beauté,Lait démaquillant peaux sensibles,Lait Démaquillant Hypo-Sensible,200 ml,25,Yes,https://www.academiebeaute.com/products/lait-demaquillant-hypo-sensible-1,https://cdn.shopify.com/s/files/1/0619/6045/4312/products/hypo-sensible_lait_demaquillant.png?v=1673601856,Premier geste essentiel des peaux sensibles. Ce lait démaquillant est un véritable voile de douceur pour éliminer impuretés et maquillage.
,,,,,,,,,
2478010,Académie Scientifique de Beauté,Protection solaire SPF6,Super Bronzécran Mat SPF 6,Default Title,29,Yes,https://www.academiebeaute.com/products/super-bronzecran-mat-spf-6,https://cdn.shopify.com/s/files/1/0619/6045/4312/products/Bronzecran_super_bronzecran_mat_9965a3bb-8974-4073-8477-0eb073dc68be.png?v=1666343747,<p>Un teint ensoleillé toute l'année !</p>
,,,,,,,,,
3221000,Académie Scientifique de Beauté,Lait post-épilation,Lait Corps Post-Épilation,Default Title,38,No,https://www.academiebeaute.com/products/lait-corps-post-epilation,https://cdn.shopify.com/s/files/1/0619/6045/4312/products/Les_essentiels_corps_lait_corps_post-epilation.png?v=1666077886,<p>Ce lait post-épilation a été spécialement formulé pour lutter contre la repousse du poil et espacer progressivement les séances d'épilation.<br></p>
,,,,,,,,,
7378000,Académie Scientifique de Beauté,Ampoules Éclat Immédiat,Ampoules Éclat Immédiat,Default Title,22,Yes,https://www.academiebeaute.com/products/ampoules-eclat-immediat,https://cdn.shopify.com/s/files/1/0619/6045/4312/products/Radiance_ampoule_eclat_immediat.png?v=1666187358,<p>Cure intensive de 3 Ampoules "Booster Lifting Express".</p>
,,,,,,,,,
9104002,Académie Scientifique de Beauté,Masque hydratant,Masque Hydratant Rénovateur,Default Title,55,Yes,https://www.academiebeaute.com/products/masque-hydratant-renovateur,https://cdn.shopify.com/s/files/1/0619/6045/4312/products/Youth_Repair_maque_hydratant-renovateur_coup_eclat_instantane_36feb9a8-3f18-4e86-bf64-5997ff6acc98.png?v=1666092631,<p>Masque coup d'éclat instantané.</p>
,,,,,,,,,
1601000,Académie Scientifique de Beauté,,Crème Contours Yeux & Lèvres,Default Title,41,Yes,https://www.academiebeaute.com/products/creme-contours-yeux-levres,https://cdn.shopify.com/s/files/1/0619/6045/4312/products/Creme_contours_yeux_levres.png?v=1666103068,<p>Lisse les rides et réveille le regard.</p>
,,,,,,,,,
9116002,Académie Scientifique de Beauté,Crème anti-âge,Soin Redensifiant Volumateur,Default Title,102,Yes,https://www.academiebeaute.com/products/soin-redensifiant-volumateur,https://cdn.shopify.com/s/files/1/0619/6045/4312/products/Youth_Repair_soins_redensifiant_volumateur_creme_remodelante_588f5637-a0da-4f17-b8dc-57ad3b59411e.png?v=1666092818,<p>Crème remodelante.</p>
,,,,,,,,,
1610000,Académie Scientifique de Beauté,,Crème Nourrissante,Default Title,50,Yes,https://www.academiebeaute.com/products/creme-nourrissante,https://cdn.shopify.com/s/files/1/0619/6045/4312/products/Creme_nourrissante_peaux_seches_traitement_quotidien.png?v=1666103223,<p>Nourrit en profondeur et renforce la barrière cutanée.</p>
,,,,,,,,,
1007002,Académie Scientifique de Beauté,Masque hydratant,Masque Réhydratant Douceur,Default Title,34,Yes,https://www.academiebeaute.com/products/masque-rehydratant-douceur,https://cdn.shopify.com/s/files/1/0619/6045/4312/products/Hydraderm_Masque_rehydratant_douceur.png?v=1666077738,<p>Offrez un bain d'hydratation à votre peau !</p>
,,,,,,,,,
9121002,Académie Scientifique de Beauté,Sérum anti-âge,Formule Merveilleuse,Default Title,114,Yes,https://www.academiebeaute.com/products/formule-merveilleuse,https://cdn.shopify.com/s/files/1/0619/6045/4312/products/Youth_Repair_formule_merveilleuse_serum_regenerant.png?v=1666092610,<p>Sérum régénérant multi-actions.</p>
,,,,,,,,,
4530001,Académie Scientifique de Beauté,Anti-âge Homme,Baume Actif Anti-Rides Stimulant,Default Title,52,Yes,https://www.academiebeaute.com/products/baume-actif-anti-rides-stimulant,https://cdn.shopify.com/s/files/1/0619/6045/4312/products/Men_baume_actif_anti-rides_stimulant.png?v=1666091366,<p>2 en 1 - Hydratant &amp; Anti-Âge.</p>
,,,,,,,,,
2478020,Académie Scientifique de Beauté,Protection solaire SPF6,Super Bronzécran Cuivré SPF 6,Default Title,29,Yes,https://www.academiebeaute.com/products/super-bronzecran-cuivre-spf-6,https://cdn.shopify.com/s/files/1/0619/6045/4312/products/Bronzecran_super_bronzecran_cuivre_5c5ec849-5bcb-466f-a94b-e89fde8ec96e.png?v=1666343728,<p>L'allié bonne mine des citadines !</p>
,,,,,,,,,
809000,Académie Scientifique de Beauté,Fluide peaux grasses,Fluide Normalisant,Default Title,36,Yes,https://www.academiebeaute.com/products/fluide-normalisant,https://cdn.shopify.com/s/files/1/0619/6045/4312/products/Pure_fluide_normalisant_peaux_grasses.png?v=1666357134,<p>Traitement quotidien peaux grasses.</p>
,,,,,,,,,
1602000,Académie Scientifique de Beauté,Lait démaquillant,Lait Démaquillant,Default Title,26,Yes,https://www.academiebeaute.com/products/lait-demaquillant,https://cdn.shopify.com/s/files/1/0619/6045/4312/products/Lait_demaquillant_peaux_normales_a_seches.png?v=1666188309,<p>Lait Démaquillant Apaisant à l'Eau de Bleuet.</p>
,,,,,,,,,
1012002,Académie Scientifique de Beauté,Sérum hydratant,Sérum Hydraderm 24h,Default Title,58,Yes,https://www.academiebeaute.com/products/serum-hydraderm-24h,https://cdn.shopify.com/s/files/1/0619/6045/4312/products/Hydraderm_serum_hydraderm24H00.ng.png?v=1666077761,<p>Un soin booster pour une peau intensément hydratée.</p>
,,,,,,,,,
1000002,Académie Scientifique de Beauté,Lait démaquillant gommant,Lait Démaquillant Doux Gommant 2 en 1,Default Title,29,Yes,https://www.academiebeaute.com/products/lait-demaquillant-doux-gommant-2-en-1,https://cdn.shopify.com/s/files/1/0619/6045/4312/products/Hydraderm_lait_demaquillant_doux_gommant2en1.png?v=1666077708,<p>Démaquillez et exfoliez en douceur.</p>
,,,,,,,,,
1005002,Académie Scientifique de Beauté,,Crème Onctueuse,Default Title,55,Yes,https://www.academiebeaute.com/products/creme-onctueuse,https://cdn.shopify.com/s/files/1/0619/6045/4312/products/Hydraderm_creme_onctueuse_hydratation_confort.png?v=1666103003,<p>Traitement hydratant confort pour peaux sèches.</p>
,,,,,,,,,
2084000,Académie Scientifique de Beauté,Mousse démaquillante,Mousse Démaquillante,Default Title,18,Yes,https://www.academiebeaute.com/products/mousse-demaquillante,https://cdn.shopify.com/s/files/1/0619/6045/4312/products/Mousse_demaquillante_peaux_normal_mixtes_54e8953a-9996-4cde-a87c-ffd9ae764a33.png?v=1666079376,"<p>Pour un démaquillage à l'eau frais et aérien.</p>
<p>150 ml </p>"
,,,,,,,,,
1065050,Académie Scientifique de Beauté,Masque peau grasse purifiant,Masque Dynargiliane,Default Title,29,Yes,https://www.academiebeaute.com/products/masque-dynargiliane,https://cdn.shopify.com/s/files/1/0619/6045/4312/products/Pure_masque_dynargiliane.png?v=1666080333,<p>Débarassez votre peau des impuretés !</p>
,,,,,,,,,
1608000,Académie Scientifique de Beauté,,Crème Exfoliante,Default Title,32,Yes,https://www.academiebeaute.com/products/creme-exfoliante,https://cdn.shopify.com/s/files/1/0619/6045/4312/products/Creme_exfoliante_toutes_peaux.png?v=1666103180,<p>Crème désincrustante à l'Huile Essentielle de Sarriette.</p>
,,,,,,,,,
1614000,Académie Scientifique de Beauté,Huile de soin Hydratante,Huile de Soin Hydratante,Default Title,53,Yes,https://www.academiebeaute.com/products/huile-de-soin-hydratante,https://cdn.shopify.com/s/files/1/0619/6045/4312/products/Huile_de_soin_hYDRATANTE.png?v=1666188134,<p>Booster d'efficacité hydratant.</p>
,,,,,,,,,
2012000,Académie Scientifique de Beauté,Exfoliant visage,Pâte Chauffante Exfoliante,Default Title,32,Yes,https://www.academiebeaute.com/products/p-te-chauffante-exfoliante,https://cdn.shopify.com/s/files/1/0619/6045/4312/products/Pate_chauffante_exfoliate.png?v=1666188644,<p>Un gommage chauffant enzymatique pour exfolier en douceur.</p>
,,,,,,,,,
1616000,Académie Scientifique de Beauté,,Crème Perlée Régénérante,Default Title,78,Yes,https://www.academiebeaute.com/products/creme-perlee-regenerante,https://cdn.shopify.com/s/files/1/0619/6045/4312/products/Creme_perlee_regenerante_anti-age_traitement_quotidien.png?v=1666103238,<p>Crème anti-âge aux perles nutritives.</p>
,,,,,,,,,
803000,Académie Scientifique de Beauté,,Crème Juvanyl,Default Title,36,Yes,https://www.academiebeaute.com/products/creme-juvanyl,https://cdn.shopify.com/s/files/1/0619/6045/4312/products/Pure_Creme_juvanyl_peaux_grasse_problemes.png?v=1666080201,<p>Traitement d'attaque contre l'acné.</p>
,,,,,,,,,
1604000,Académie Scientifique de Beauté,Lotion tonifiante,Lotion Tonifiante,Default Title,26,Yes,https://www.academiebeaute.com/products/lotion-tonifiante,https://cdn.shopify.com/s/files/1/0619/6045/4312/products/Lotion_tonifiante_toutes_peaux.png?v=1676029834,<p>Une lotion vivifiante pour parfaire le démaquillage.</p>
,,,,,,,,,
515002,Académie Scientifique de Beauté,Soin contour des yeux,Dynastiane Regard,Default Title,41,Yes,https://www.academiebeaute.com/products/dynastiane-regard,https://cdn.shopify.com/s/files/1/0619/6045/4312/products/Time_dynastiane_regard_defatigant_lissant_7e2131e7-5be3-4614-b67d-f22fc6c4c16d.png?v=1666278634,<p>Contour des yeux défatiguant &amp; lissant.</p>
,,,,,,,,,
9102002,Académie Scientifique de Beauté,Crème anti-âge,Soin Raffermissant,Default Title,76,Yes,https://www.academiebeaute.com/products/soin-raffermissant,https://cdn.shopify.com/s/files/1/0619/6045/4312/products/Youth_Active_Lift_Soin_rafermissant_creme_liftante_3e4a76bf-d164-4bc7-99cb-a75f68934f1c.png?v=1666079544,<p>Crème liftante.</p>
,,,,,,,,,
5001324,Académie Scientifique de Beauté,Accessoire Maquillage,Brosse à Teint,Default Title,18.9,Yes,https://www.academiebeaute.com/products/brosse-a-teint,https://cdn.shopify.com/s/files/1/0619/6045/4312/products/501324_be5b044e-7705-40ce-9069-cc4675853750.png?v=1674646453,<p>L'accessoire indispensable pour un teint parfait.</p>
,,,,,,,,,
2061002,Académie Scientifique de Beauté,Sérum anti-âge,Sève Miracle - Le Sérum,Default Title,73,Yes,https://www.academiebeaute.com/products/seve-miracle-le-serum,https://cdn.shopify.com/s/files/1/0619/6045/4312/products/Seve_miracle_le_serum.png?v=1666080048,"<p>L?efficacité légendaire de la Sève Miracle concentrée dans un sérum revitalisant. Riche en Extrait d?Iris, il aide à renforcer les propriétés biomécaniques de la peau (tonicité, fermeté).</p>"
,,,,,,,,,
3206000,Académie Scientifique de Beauté,Compléments Alimentaire Drainant,Boisson Drainante,Default Title,24,Yes,https://www.academiebeaute.com/products/boisson-drainante,https://cdn.shopify.com/s/files/1/0619/6045/4312/products/Les_essentiels_corps_Detox_boisson_drainante.png?v=1666077825,<p>Votre programme minceur et détox en 10 jours !</p>
,,,,,,,,,
1002002,Académie Scientifique de Beauté,Gel Hydratant,Gel Fondant,Default Title,55,Yes,https://www.academiebeaute.com/products/gel-fondant,https://cdn.shopify.com/s/files/1/0619/6045/4312/products/Hydraderm_gel_fondant.png?v=1666187897,<p>Gel hydratant pureté.</p>
,,,,,,,,,
9125000,Académie Scientifique de Beauté,Sérum anti-âge,Sérum Restructurant Uniformisant,Default Title,158,Yes,https://www.academiebeaute.com/products/serum-restructurant-uniformisant,https://cdn.shopify.com/s/files/1/0619/6045/4312/products/Time-plus-serum_restructurant_uniformisant.png?v=1666340708,<p>Le sérum booster confort &amp; éclat.</p>
,,,,,,,,,
4510000,Académie Scientifique de Beauté,Gel de Rasage,Rasage Facile même sur une barbe de 3 jours,Default Title,34,Yes,https://www.academiebeaute.com/products/rasage-facile-meme-sur-une-barbe-de-3-jours,https://cdn.shopify.com/s/files/1/0619/6045/4312/products/Men_rasage_facile.png?v=1666091432,<p>Le coup de coeur de ces Messieurs !</p>
,,,,,,,,,
2024002,Académie Scientifique de Beauté,Masque éclat du teint,Masque Éclat à l'Abricot,Default Title,28,Yes,https://www.academiebeaute.com/products/masque-eclat-labricot,https://cdn.shopify.com/s/files/1/0619/6045/4312/products/Radiance_masque_eclat_abricot.png?v=1666091101,<p>Votre dose d'éclat et de fraîcheur contre le teint terne !</p>
,,,,,,,,,
1001700,Académie Scientifique de Beauté,Crème hydratante,Kit Hydraderm,Default Title,29,Yes,https://www.academiebeaute.com/products/kit-hydraderm,https://cdn.shopify.com/s/files/1/0619/6045/4312/products/fa_1001700.png?v=1678872313,<p>3 soins hydratants en format voyage.</p>
,,,,,,,,,
5001327,Académie Scientifique de Beauté,Gift,Trousse 1890,Default Title,0,Yes,https://www.academiebeaute.com/products/trousse-1890,https://cdn.shopify.com/s/files/1/0619/6045/4312/files/trousse1890.png?v=1683209906,
,,,,,,,,,
7204000,Académie Scientifique de Beauté,Coffret cosmétiques,Calendrier - Le Pop Art,Default Title,69,Yes,https://www.academiebeaute.com/products/calendrier-de-lavent-le-pop-art,https://cdn.shopify.com/s/files/1/0619/6045/4312/products/Calendrier_de_l_avant_le_pop_art.png?v=1666103089,<p>Cure d'ampoules soins visage 24 jours.</p>
,,,,,,,,,
260002,Académie Scientifique de Beauté,,Crème Éternelle Jeunesse,Default Title,105,Yes,https://www.academiebeaute.com/products/creme-eternelle-jeunesse,https://cdn.shopify.com/s/files/1/0619/6045/4312/products/Vintage_creme_eternelle_jeunesse_00544e8e-1954-4654-8006-782db8281b5b.png?v=1666091224,<p>Un soin d'exception infusé de poudre de diamant.</p>
,,,,,,,,,
3342000,Académie Scientifique de Beauté,Crème mains,Crème Mains Divine,Default Title,11,Yes,https://www.academiebeaute.com/products/creme-mains-divine,https://cdn.shopify.com/s/files/1/0619/6045/4312/products/3342.png?v=1677764687,Divine jusqu?au bout des ongles !<br>
,,,,,,,,,
3222000,Académie Scientifique de Beauté,Crème post-épilation,Crème Zones Sensibles Visage Post-Épilation,Default Title,28,Yes,https://www.academiebeaute.com/products/creme-zones-sensibles-visage-post-epilation,https://cdn.shopify.com/s/files/1/0619/6045/4312/products/Les_essentiels_corps_creme_zones_sensibles_visage.png?v=1666077848,"<p>Spécialement conçue pour les zones sensibles du visage, cette crème fragilise et ralentit la repousse du poil pour une douceur longue durée !</p>"
,,,,,,,,,
3332000,Académie Scientifique de Beauté,Crème mains,Crème Mains Arctique,Default Title,11,Yes,https://www.academiebeaute.com/products/creme-mains-arctique,https://cdn.shopify.com/s/files/1/0619/6045/4312/products/SPA_Destination_Expedition_Polaire_creme_mains_arctique.png?v=1666341736,<p>Prêt(e) à embarquer pour le Grand Nord ?</p>
,,,,,,,,,
805000,Académie Scientifique de Beauté,Roll-on purifiant peau grasse,Stylo Purifiant IZ 17,Default Title,28,Yes,https://www.academiebeaute.com/products/stylo-purifiant-iz-17,https://cdn.shopify.com/s/files/1/0619/6045/4312/products/Pure_Stylo_purifiant_IZ17.png?v=1666080159,<p>Soin ciblé anti-imperfection.</p>
,,,,,,,,,
1606000,Académie Scientifique de Beauté,Masque éclat du teint,Masque Éclat,Default Title,34,Yes,https://www.academiebeaute.com/products/masque-eclat,https://cdn.shopify.com/s/files/1/0619/6045/4312/products/Masque_eclat_toutes_peaux.png?v=1666188674,<p>10 min pour une peau éclatante !</p>
,,,,,,,,,
1607000,Académie Scientifique de Beauté,Démaquillant yeux,Démaquillant Yeux,Default Title,29,Yes,https://www.academiebeaute.com/products/demaquillant-yeux,https://cdn.shopify.com/s/files/1/0619/6045/4312/products/Demaquillant_yeux_toutes_peaux.png?v=1666187599,<p>Facilite l'élimination du maquillage sans trace.</p>
,,,,,,,,,
2072001,Académie Scientifique de Beauté,Lotion peau grasse,Lotion Normalisante,Default Title,28,Yes,https://www.academiebeaute.com/products/lotion-normalisante,https://cdn.shopify.com/s/files/1/0619/6045/4312/products/Pure-lotion_normalisante_peaux_grasses.png?v=1666080420,<p>Resserre les pores après le démaquillage.</p>
,,,,,,,,,
2068002,Académie Scientifique de Beauté,Masque apaisant peau sensible,Masque Réconfortant Apaisant,Default Title,32,Yes,https://www.academiebeaute.com/products/masque-reconfortant-apaisant,https://cdn.shopify.com/s/files/1/0619/6045/4312/products/hypo-sensible_masque_reconfortant_apaisant.png?v=1673600923,Masque Fraîcheur Double Action.
,,,,,,,,,
408000,Académie Scientifique de Beauté,Prolongateur de bronzage,Fix-Bronze,Default Title,41,Yes,https://www.academiebeaute.com/products/fix-bronze,https://cdn.shopify.com/s/files/1/0619/6045/4312/products/Bronzecran_Fix_bronze_accelerateu_prolongation_de_bronzage.png?v=1666078966,"<p>Ce lait non gras et 100% invisible prépare, accélère, renforce et prolonge le bronzage plus rapidement et durablement.</p>"
,,,,,,,,,
3312000,Académie Scientifique de Beauté,,Crème Mains Impériale,Default Title,11,Yes,https://www.academiebeaute.com/products/creme-mains-imperiale,https://cdn.shopify.com/s/files/1/0619/6045/4312/products/SPA_Destination_Sakura_Delicat_creme_mains_imperiale.png?v=1666078059,<p>Craquez pour le parfum floral subtil de Fleur de Cerisier.</p>
,,,,,,,,,
9107730,Académie Scientifique de Beauté,Coffret cosmétiques,Coffret Youth-Repair - L'Impressionnisme,Default Title,107,Yes,https://www.academiebeaute.com/products/coffret-youth-repair-limpressionnisme,https://cdn.shopify.com/s/files/1/0619/6045/4312/products/Youth_repair_coffret-Impressionnisme.png?v=1666336146,<p>Le coffret cadeau lissant &amp; anti-rides.</p>
,,,,,,,,,
2071000,Académie Scientifique de Beauté,,Crème Normalisante,Default Title,39,Yes,https://www.academiebeaute.com/products/creme-normalisante,https://cdn.shopify.com/s/files/1/0619/6045/4312/products/Pure_Creme_normalisante_peaux_grasses.png?v=1666080242,<p>Traitement quotidien peaux grasses.</p>
,,,,,,,,,
1603000,Académie Scientifique de Beauté,,Crème Hydra-Protectrice,Default Title,44,Yes,https://www.academiebeaute.com/products/creme-hydra-protectrice,https://cdn.shopify.com/s/files/1/0619/6045/4312/products/Creme_hydra-protectrice_peaux_normale_traitement_quotidien.png?v=1666103201,<p>Hydrate &amp; protège la peau des agressions extérieures.</p>
,,,,,,,,,
1612000,Académie Scientifique de Beauté,Huile de soin Anti-Imperfections,Huile de Soin Anti-Imperfections,Default Title,53,Yes,https://www.academiebeaute.com/products/huile-de-soin-anti-imperfections,https://cdn.shopify.com/s/files/1/0619/6045/4312/products/Huile_de_soin_anti-imperfections.png?v=1666188120,<p>Booster d'efficacité anti-imperfections.</p>
,,,,,,,,,
423000,Académie Scientifique de Beauté,,Crème Solaire Anti-Rides Visage SPF 40,Default Title,48,Yes,https://www.academiebeaute.com/products/creme-solaire-anti-rides-visage-spf-40,https://cdn.shopify.com/s/files/1/0619/6045/4312/products/Bronzecran_creme_solaire_antirides_visage_SPF40.png?v=1666078957,<p>Protège efficacement du soleil et des signes de l'âge.</p>
,,,,,,,,,
9126000,Académie Scientifique de Beauté,Crème anti-âge,Soin Pro-Calcium Redensifiant,Default Title,146,Yes,https://www.academiebeaute.com/products/soin-pro-calcium-redensifiant,https://cdn.shopify.com/s/files/1/0619/6045/4312/products/Time-plus-soin_pro-calcuim.png?v=1666340724,<p>L'Anti-Âge énergisant des peaux matures.</p>
,,,,,,,,,
1609000,Académie Scientifique de Beauté,Fluide Matifiant,Fluide Hydro-Matifiant,Default Title,41,Yes,https://www.academiebeaute.com/products/fluide-hydro-matifiant,https://cdn.shopify.com/s/files/1/0619/6045/4312/products/Fluide_hydro-matifiant_peaux_mixtes.png?v=1666187623,<p>Fluide purifiant à l'Huile Essentielle de Lavande.</p>
,,,,,,,,,
1613000,Académie Scientifique de Beauté,Huile de soin anti-rougeurs,Huile de Soins Anti-Rougeurs,Default Title,53,Yes,https://www.academiebeaute.com/products/huile-de-soins-anti-rougeurs,https://cdn.shopify.com/s/files/1/0619/6045/4312/products/Huile_de_soin_anti-rougeurs.png?v=1666188148,<p>Booster d'efficacité anti-rougeurs.</p>
,,,,,,,,,
4550000,Académie Scientifique de Beauté,Gel douche 2 en 1 Homme,Gel Douche 2 en 1 Corps et Cheveux,Default Title,27,Yes,https://www.academiebeaute.com/products/gel-douche-2-en-1-corps-et-cheveux,https://cdn.shopify.com/s/files/1/0619/6045/4312/products/Men_gel_douche_2_en_1.png?v=1666091416,<p>L'essayer c'est l'adopter !</p>
,,,,,,,,,
428000,Académie Scientifique de Beauté,,Crème Réparatrice Visage,Default Title,34,Yes,https://www.academiebeaute.com/products/creme-reparatrice-visage,https://cdn.shopify.com/s/files/1/0619/6045/4312/products/Bronzecran_creme_reparatrice_visage_apres-soleil.png?v=1666078924,<p>Pansement après solaire.</p>
,,,,,,,,,
3310000,Académie Scientifique de Beauté,Gommage corps,Gommage Corps Rituel Sucré,Default Title,16,Yes,https://www.academiebeaute.com/products/gommage-corps-rituel-sucre,https://cdn.shopify.com/s/files/1/0619/6045/4312/products/SPA_Destination_Sakura_Delicat_gommage_corps-rituel-sucre_113c18c7-c413-414b-96b3-d30342036ad8.png?v=1666341475,<p>Un rituel exfoliant gourmand à la Fleur de Cerisier.</p>
,,,,,,,,,
3331000,Académie Scientifique de Beauté,Baume Corps,Baume Corps Douceur Polaire,Default Title,28,Yes,https://www.academiebeaute.com/products/baume-corps-douceur-polaire,https://cdn.shopify.com/s/files/1/0619/6045/4312/products/SPA_Destination_Expedition_Polaire_baume_corps_douceur_polaire.png?v=1666341799,<p>Le pouvoir régénérant de l'Extrait de Pin.</p>
,,,,,,,,,
2084002,Académie Scientifique de Beauté,Mousse démaquillante,Mousse Démaquillante Visage,Default Title,30,Yes,https://www.academiebeaute.com/products/mousse-demaquillante-visage,https://cdn.shopify.com/s/files/1/0619/6045/4312/files/mousse-demaquillante_d0ac1d6c-ed89-49c2-980f-0056643a2168.png?v=1683875295,<p>Cette lotion bleu lagon se transforme en une mousse onctueuse et aérienne pour un geste de démaquillage aérien ultra-doux.<br></p>
,,,,,,,,,
3341000,Académie Scientifique de Beauté,Huile corps,Huile Corps Cérémonie Sacrée,Default Title,25,Yes,https://www.academiebeaute.com/products/huile-corps-ceremonie-sacree,https://cdn.shopify.com/s/files/1/0619/6045/4312/products/3341.png?v=1677766404,Embarquez au c?ur des rituels ayurvédiques?
,,,,,,,,,
3322000,Académie Scientifique de Beauté,,Crème Mains Cabana,Default Title,11,Yes,https://www.academiebeaute.com/products/creme-mains-cabana,https://cdn.shopify.com/s/files/1/0619/6045/4312/products/SPA_Destination_Jungle_tropical_creme_mains_cabana.png?v=1666078036,<p>Embarquement immédiat vers l'Amazonie ! </p>
,,,,,,,,,
3321000,Académie Scientifique de Beauté,Lait crème corps,Lait Crème Corps Source Exotique,Default Title,17,Yes,https://www.academiebeaute.com/products/lait-creme-corps-source-exotique,https://cdn.shopify.com/s/files/1/0619/6045/4312/products/SPA_Destination_Jungle_tropical_lait_creme_corps-source-exotique.png?v=1666078609,<p>Lait gourmand au parfum sucré et savoureux de papaye.</p>
,,,,,,,,,
3320000,Académie Scientifique de Beauté,Gommage corps,Gommage Corps Nectar Tropical,Default Title,16,Yes,https://www.academiebeaute.com/products/gommage-corps-nectar-tropical,https://cdn.shopify.com/s/files/1/0619/6045/4312/products/SPA_Destination_Jungle_tropical_gommage_corps-nectar-tropical_9fd00912-72a4-4b5c-8524-bd9fd09748c9.png?v=1666341427,<p>Un mélange exfoliant gourmand 100% tropical.</p>
,,,,,,,,,
9107002,Académie Scientifique de Beauté,Crème anti-âge,Soin Total Restructurant,Default Title,113,Yes,https://www.academiebeaute.com/products/soin-total-restructurant,https://cdn.shopify.com/s/files/1/0619/6045/4312/products/Youth_Repair_soin_total_restructurant_creme_pro-menopause_5655b3ba-cbf6-4a57-9189-084e76132903.png?v=1666092838,<p>Crème pro-ménopause.</p>
,,,,,,,,,
2074002,Académie Scientifique de Beauté,"Crème anti-polution, anti-lumière bleue",Gel-Crème Liposomes Énergisant,Default Title,47,Yes,https://www.academiebeaute.com/products/gel-creme-liposomes-energisant,https://cdn.shopify.com/s/files/1/0619/6045/4312/products/Time_gel-creme_liposomes_energisant.png?v=1666079631,<p>Le soin idéal des peaux urbaines.</p>
,,,,,,,,,
4540001,Académie Scientifique de Beauté,Contour des yeux anti-poches,Gel Contour des Yeux Actif Lissant Anti-Poches,Default Title,34,Yes,https://www.academiebeaute.com/products/gel-contour-des-yeux-actif-lissant-anti-poches,https://cdn.shopify.com/s/files/1/0619/6045/4312/products/Men_gel_contour_des_yeux_actif_lissant_anti-poches.png?v=1666091400,<p>Dites non aux marques de fatigue !</p>
,,,,,,,,,
426000,Académie Scientifique de Beauté,,Crème Solaire Anti-Rides Visage SPF 20,Default Title,39,Yes,https://www.academiebeaute.com/products/creme-solaire-anti-rides-visage-spf-20,https://cdn.shopify.com/s/files/1/0619/6045/4312/products/Bronzecran_creme_solaire_antirides_visage_SPF20.png?v=1666078942,<p>L'alliance d'un soin anti-rides à une crème solaire visage.</p>
,,,,,,,,,
3302000,Académie Scientifique de Beauté,,Crème Mains Vahiné,Default Title,11,Yes,https://www.academiebeaute.com/products/creme-mains-vahine,https://cdn.shopify.com/s/files/1/0619/6045/4312/files/crememains.png?v=1688562789,"<p>Des mains douces et protégées, sans effet gras !</p>"
,,,,,,,,,
425000,Académie Scientifique de Beauté,Protection solaire corps SPF15,Lait Solaire Corps SPF 30,Default Title,52,Yes,https://www.academiebeaute.com/products/lait-solaire-corps-spf-30,https://cdn.shopify.com/s/files/1/0619/6045/4312/products/Bronzecran_lait_solaire_corps_SPF30.png?v=1666079007,"<p>Votre allié anti-UV, 100% invisible !</p>"
,,,,,,,,,
83000,Académie Scientifique de Beauté,Crème Anti-âge,Princesse des Crèmes,Default Title,137,Yes,https://www.academiebeaute.com/products/princesse-des-cremes,https://cdn.shopify.com/s/files/1/0619/6045/4312/products/princesse.jpg?v=1680179773,<p>Une crème anti-âge légendaire au lys blanc royal.</p>
,,,,,,,,,
5001326,Académie Scientifique de Beauté,Gift,Trousse Jungle Tropicale,Default Title,0,Yes,https://www.academiebeaute.com/products/trousse-jungle-tropicale,https://cdn.shopify.com/s/files/1/0619/6045/4312/files/troussejungletropicale.png?v=1683209890,
,,,,,,,,,
2083002,Académie Scientifique de Beauté,Eau micellaire,Solution Micellaire Démaquillante,Default Title,26,Yes,https://www.academiebeaute.com/products/solution-micellaire-demaquillante,https://cdn.shopify.com/s/files/1/0619/6045/4312/files/solution-micellaire_601dd2eb-df21-4513-b7a0-04512c247184.png?v=1683875349,"<p>En 1 geste, cette eau micellaire à l'Extrait de Bleuet nettoie et démaquille, tout en respectant la barrière cutanée.</p>"
,,,,,,,,,
3340000,Académie Scientifique de Beauté,Gommage corps,Gommage Corps Délice Épicé,Default Title,16,Yes,https://www.academiebeaute.com/products/gommage-corps-delice-epice,https://cdn.shopify.com/s/files/1/0619/6045/4312/products/3340.png?v=1677765567,Un gommage 100% majestueux !
,,,,,,,,,
1890030,Académie Scientifique de Beauté,,Carte cadeau,?30.00,30,Yes,https://www.academiebeaute.com/products/carte-cadeau,https://cdn.shopify.com/s/files/1/0619/6045/4312/products/carte-cadeau.jpg?v=1667471062,"<p><span data-mce-fragment=""1"">Découvrez nos cartes cadeaux valables sur<strong> Academiebeaute.com</strong> sur l'ensemble de nos marques : <strong><em>Académie Scientifique de Beauté, Derm Acte et Bronz'Express. </em></strong></span></p>
<p><span data-mce-fragment=""1"">Cadeau de dernière minute, manque d'inspiration, nos E-Cartes cadeaux sont faites pour vous ! Faites-plaisir à vos proches et vos amis en leur offrant une E-Carte Cadeau du montant de votre choix :  <strong>30?, 50? , 100? </strong>ou<strong> 150?</strong> valable exclusivement sur notre site Academiebeaute.com</span></p>
<p><span data-mce-fragment=""1"">Commandez-la dès maintenant ! </span></p>"
,,,,,,,,,
1890050,Académie Scientifique de Beauté,,Carte cadeau,?50.00,50,Yes,https://www.academiebeaute.com/products/carte-cadeau,https://cdn.shopify.com/s/files/1/0619/6045/4312/products/carte-cadeau.jpg?v=1667471062,"<p><span data-mce-fragment=""1"">Découvrez nos cartes cadeaux valables sur<strong> Academiebeaute.com</strong> sur l'ensemble de nos marques : <strong><em>Académie Scientifique de Beauté, Derm Acte et Bronz'Express. </em></strong></span></p>
<p><span data-mce-fragment=""1"">Cadeau de dernière minute, manque d'inspiration, nos E-Cartes cadeaux sont faites pour vous ! Faites-plaisir à vos proches et vos amis en leur offrant une E-Carte Cadeau du montant de votre choix :  <strong>30?, 50? , 100? </strong>ou<strong> 150?</strong> valable exclusivement sur notre site Academiebeaute.com</span></p>
<p><span data-mce-fragment=""1"">Commandez-la dès maintenant ! </span></p>"
,,,,,,,,,
1890100,Académie Scientifique de Beauté,,Carte cadeau,?100.00,100,Yes,https://www.academiebeaute.com/products/carte-cadeau,https://cdn.shopify.com/s/files/1/0619/6045/4312/products/carte-cadeau.jpg?v=1667471062,"<p><span data-mce-fragment=""1"">Découvrez nos cartes cadeaux valables sur<strong> Academiebeaute.com</strong> sur l'ensemble de nos marques : <strong><em>Académie Scientifique de Beauté, Derm Acte et Bronz'Express. </em></strong></span></p>
<p><span data-mce-fragment=""1"">Cadeau de dernière minute, manque d'inspiration, nos E-Cartes cadeaux sont faites pour vous ! Faites-plaisir à vos proches et vos amis en leur offrant une E-Carte Cadeau du montant de votre choix :  <strong>30?, 50? , 100? </strong>ou<strong> 150?</strong> valable exclusivement sur notre site Academiebeaute.com</span></p>
<p><span data-mce-fragment=""1"">Commandez-la dès maintenant ! </span></p>"
,,,,,,,,,
1890150,Académie Scientifique de Beauté,,Carte cadeau,?150.00,150,Yes,https://www.academiebeaute.com/products/carte-cadeau,https://cdn.shopify.com/s/files/1/0619/6045/4312/products/carte-cadeau.jpg?v=1667471062,"<p><span data-mce-fragment=""1"">Découvrez nos cartes cadeaux valables sur<strong> Academiebeaute.com</strong> sur l'ensemble de nos marques : <strong><em>Académie Scientifique de Beauté, Derm Acte et Bronz'Express. </em></strong></span></p>
<p><span data-mce-fragment=""1"">Cadeau de dernière minute, manque d'inspiration, nos E-Cartes cadeaux sont faites pour vous ! Faites-plaisir à vos proches et vos amis en leur offrant une E-Carte Cadeau du montant de votre choix :  <strong>30?, 50? , 100? </strong>ou<strong> 150?</strong> valable exclusivement sur notre site Academiebeaute.com</span></p>
<p><span data-mce-fragment=""1"">Commandez-la dès maintenant ! </span></p>"
,,,,,,,,,
427000,Académie Scientifique de Beauté,Protection solaire corps SPF15,Lait Solaire Corps SPF 15,Default Title,48,Yes,https://www.academiebeaute.com/products/lait-solaire-corps-spf-15,https://cdn.shopify.com/s/files/1/0619/6045/4312/products/BronzEcran_Lait_solaire_corps_SPF15.png?v=1666188485,<p>Pour un bronzage rapide et une peau protégée.</p>
,,,,,,,,,
1605000,Académie Scientifique de Beauté,Gel matifiant,Gel Anti-Brillance,Default Title,33,Yes,https://www.academiebeaute.com/products/gel-anti-brillance,https://cdn.shopify.com/s/files/1/0619/6045/4312/products/Gel_anti_brillance_peaux_grasses.png?v=1666187937,<p>Contrôle les brillances des peaux grasses.</p>
,,,,,,,,,
2011002,Académie Scientifique de Beauté,Gommage visage,Phyto-Gommage Marin,Default Title,32,Yes,https://www.academiebeaute.com/products/phyto-gommage-marin-1,https://cdn.shopify.com/s/files/1/0619/6045/4312/files/phyto-gommage-marin_a53fac7a-beeb-4d8e-925a-d3d2e1c39f1b.png?v=1683875327,"<p>Ce gommage visage aux micro-billes végétales exfoliantes et à l'Eau de Bleuet Bio p<span data-mce-fragment=""1"">urifie, désincruste et affine le grain de la peau, sans dessécher.</span></p>"
,,,,,,,,,
3311000,Académie Scientifique de Beauté,Lait hydratant corps,Lait Corps Cérémonie Florale,Default Title,17,Yes,https://www.academiebeaute.com/products/lait-corps-ceremonie-florale,https://cdn.shopify.com/s/files/1/0619/6045/4312/products/SPA_Destination_Sakura_Delicat_lait_corps-ceremonie-florale.png?v=1666078581,<p>Hydrate et nourrit sans modération.</p>
,,,,,,,,,
3330000,Académie Scientifique de Beauté,Gommage corps,Gommage Corps Sorbet Nordique,Default Title,16,Yes,https://www.academiebeaute.com/products/gommage-corps-sorbet-nordique,https://cdn.shopify.com/s/files/1/0619/6045/4312/products/SPA_Destination_Expedition_Polaire_gommage_corps_sorbet_nordique_9c44f1a6-0698-4d44-81be-2835789a5df8.png?v=1670854430,<p>Une exfoliation unique et sensorielle inspirée du spa.</p>
,,,,,,,,,
04d61fbe-16de-44d3-ac50-35f0ce3b6d03,Académie Scientifique de Beauté,Trousse soins anti-âge,Routine Sève Miracle,Default Title,88.4,Yes,https://www.academiebeaute.com/products/87b3e9e9-d81d-4925-8a72-e56f5687b48e,https://cdn.shopify.com/s/files/1/0619/6045/4312/files/bundle-pastille-reduction_24d5a29d-8dbc-4f32-902c-9ad9ba006cdd.png?v=1688563600,"<p>Accompagnée de sa trousse en coton 1890, cette routine culte à l?Extrait d?Iris régénère et nourrit la peau intensément. </p>
<p>Dès 98,3% d'ingrédients d'origine naturelle. </p>"
,,,,,,,,,
2085002,Académie Scientifique de Beauté,Baume démaquillant,Baume Démaquillant Express,Default Title,35,Yes,https://www.academiebeaute.com/products/baume-demaquillant-express,https://cdn.shopify.com/s/files/1/0619/6045/4312/files/baume-demaquillant_f426149e-5a84-4902-b5b8-769ebfb7492b.png?v=1683875372,"<p>Ce baume soyeux démaquille Visage, Yeux &amp; Lèvres, en un geste !<br></p>"
,,,,,,,,,
5001000,Académie Scientifique de Beauté,Gift,Sac de plage étoile,Default Title,0,Yes,https://www.academiebeaute.com/products/sac-de-plage-etoile,,
,,,,,,,,,
c87acf3a-2579-474d-afa2-77aabf81e937,Académie Scientifique de Beauté,Lot de Démaquillants,Mixologie - Démaquillage 2 en 1,Default Title,56.95,Yes,https://www.academiebeaute.com/products/bap-ee3a301a-7bd6-484f-8b30-52ee85820675,https://cdn.shopify.com/s/files/1/0619/6045/4312/files/bundle-phyto-baume.png?v=1683875846,"<p>Transformez l?étape du démaquillage avec ce duo mixologie. Une fois mélangé aux grains du Phyto-Gommage Marin, le Baume Démaquillant Express vous offre un nettoyage 2 en 1. La peau est démaquillée et exfoliée tout en douceur !  </p>"
,,,,,,,,,
c9a03db3-c5bb-4cd0-850e-9488be29c9db,Académie Scientifique de Beauté,Lot de Démaquillants,Mixologie - Gommage Aérien,Default Title,52.7,Yes,https://www.academiebeaute.com/products/bap-a47d37ca-fc19-40c6-946f-de1ccc06a4e6,https://cdn.shopify.com/s/files/1/0619/6045/4312/files/bundle-mousse-phyto.png?v=1683875971,<p>Envie d?un gommage léger et aérien ? Essayez le duo mixologie Phyto-Gommage Marin &amp; Mousse Démaquillante Visage ! Les deux produits mélangés offrent une texture inédite pour un gommage fluide et rapide !</p>
,,,,,,,,,
3176f5ec-02b3-46b3-9d90-5e2d59959ed5,Académie Scientifique de Beauté,Lot de Démaquillants,Mixologie - Démaquillage Velours,Default Title,46.75,Yes,https://www.academiebeaute.com/products/bap-fef0fcdf-ddeb-484c-afb5-627ce0f3bc3f,https://cdn.shopify.com/s/files/1/0619/6045/4312/files/bundle-lait-mousse.png?v=1683875893,<p>Ce duo mixologie offre un véritable démaquillage velours. Mélangez un peu de Lait Démaquillant Hypo-Sensible à la Mousse Démaquillante Visage pour obtenir une texture à la fois aérienne et veloutée. L?essayer c?est l?adopter ! </p>
,,,,,,,,,
92934666-220a-4f17-a471-d461dd0993f9,Académie Scientifique de Beauté,Sérum éclat du teint,Ma routine Coup d'éclat - Radiance,Default Title,98.6,Yes,https://www.academiebeaute.com/products/bap-2382f3e9-02a1-4680-8daf-3d23f662d142,https://cdn.shopify.com/s/files/1/0619/6045/4312/files/bundle-radiance.png?v=1683875795,"<p>Cette routine bonne mine à l'Extrait d'Abricot contient 3 essentiels pour combattre le teint terne et fatigué !</p>
<p>Dès 98,4% d'ingrédients d'origine naturelle.</p>"
,,,,,,,,,
2030102,Académie Scientifique de Beauté,Gift,Échantillon Sérum Éclat 12h,Default Title,0,Yes,https://www.academiebeaute.com/products/seve-miracle-le-serum-1,https://cdn.shopify.com/s/files/1/0619/6045/4312/products/Echantillon_Radiance_serum_eclat_12H.png?v=1666683293,
,,,,,,,,,
2061102,Académie Scientifique de Beauté,Gift,Échantillon Sève Miracle - Le Sérum,Default Title,0,Yes,https://www.academiebeaute.com/products/echantillon-seve-miracle-le-serum-2-ml,https://cdn.shopify.com/s/files/1/0619/6045/4312/products/Echantillon_seve_miracle_la_creme.png?v=1666684123,
,,,,,,,,,
407102,Académie Scientifique de Beauté,Gift,Échantillon Dermonyl,Default Title,0,Yes,https://www.academiebeaute.com/products/echantillon-dermonyl,https://cdn.shopify.com/s/files/1/0619/6045/4312/products/Echantillon_Hypo-Sensible_dermonyl.png?v=1676279312,
,,,,,,,,,
9100102,Académie Scientifique de Beauté,Gift,Échantillon Soin Hydratant Régénérant,Default Title,0,Yes,https://www.academiebeaute.com/products/echantillon-soin-hydratant-regenerant,https://cdn.shopify.com/s/files/1/0619/6045/4312/products/Produit_Youth_Repair_soins_hydratant_regenerant_echantillon.png?v=1667814826,
,,,,,,,,,
2070102,Académie Scientifique de Beauté,Gift,Échantillon Crème Universelle Hypo-Sensible,Default Title,0,Yes,https://www.academiebeaute.com/products/echantillon-creme-universelle-hypo-sensible,https://cdn.shopify.com/s/files/1/0619/6045/4312/products/Echantillon_Hypo-Sensible_creme-univeselle.png?v=1676279211,
,,,,,,,,,
2067102,Académie Scientifique de Beauté,Gift,Échantillon Programme Anti-Rougeurs,Default Title,0,Yes,https://www.academiebeaute.com/products/echantillon-programme-anti-rougeurs,https://cdn.shopify.com/s/files/1/0619/6045/4312/products/Echantillon_Hypo-Sensible_programme-anti-rougeurs.png?v=1676279327,
,,,,,,,,,
2060102,Académie Scientifique de Beauté,Gift,Échantillon Sève Miracle - La Crème,Default Title,0,Yes,https://www.academiebeaute.com/products/echantillon-seve-miracle-la-creme,https://cdn.shopify.com/s/files/1/0619/6045/4312/products/Echantillon_seve_miracle_la_creme_781a6668-ad04-4586-a651-de0d5b2438f8.png?v=1681998660,
,,,,,,,,,
2074000,Académie Scientifique de Beauté,"Crème protectrice anti-polution, anti-lumière bleue",Programme Liposomes,Default Title,26,Yes,https://www.academiebeaute.com/products/programme-liposomes,https://cdn.shopify.com/s/files/1/0619/6045/4312/products/Programme_liposomes.png?v=1666189835,<p>Votre programme contre les premières rides.</p>
,,,,,,,,,
4520101,Académie Scientifique de Beauté,Gift,Échantillon Baume Actif Hydratant Matifiant,Default Title,0,Yes,https://www.academiebeaute.com/products/echantillon-baume-actif-hydratant-matifiant,https://cdn.shopify.com/s/files/1/0619/6045/4312/files/4520101.png?v=1685624267,
,,,,,,,,,
2031102,Académie Scientifique de Beauté,Gift,Échantillon Aquabaume Éclat,Default Title,0,Yes,https://www.academiebeaute.com/products/aquabaume-eclat-3-ml,https://cdn.shopify.com/s/files/1/0619/6045/4312/files/2031102.png?v=1685624258,
,,,,,,,,,
2090110,Académie Scientifique de Beauté,Tonique peaux sensibles,Tonique Hypo-Sensible,400 ml,16.8,Yes,https://www.academiebeaute.com/products/copie-de-lait-demaquillant-hypo-sensible,https://cdn.shopify.com/s/files/1/0619/6045/4312/products/hypo-sensible_tonique-sensible2_c232de2e-3c07-4bbb-a35c-6b11860b11c3.png?v=1675246574,<span>L'indispensable d'une peau fraîche et nette.</span>
,,,,,,,,,
2090001,Académie Scientifique de Beauté,Tonique peaux sensibles,Tonique Hypo-Sensible,200 ml,14.4,No,https://www.academiebeaute.com/products/copie-de-lait-demaquillant-hypo-sensible,https://cdn.shopify.com/s/files/1/0619/6045/4312/products/hypo-sensible_tonique-sensible1_58b9f1d5-cf15-4b04-8246-968dc174b78d.png?v=1675246574,<span>L'indispensable d'une peau fraîche et nette.</span>
,,,,,,,,,
2080110,Académie Scientifique de Beauté,Lait démaquillant peaux sensibles,Lait Démaquillant Hypo-Sensible,400 ml,16.8,Yes,https://www.academiebeaute.com/products/lait-demaquillant-hypo-sensible,https://cdn.shopify.com/s/files/1/0619/6045/4312/products/hypo-sensible_lait_demaquillant_hypo-sensible2.png?v=1669883978,<span data-mce-fragment="1">La première étape d'une jolie peau.</span>
,,,,,,,,,
2080001,Académie Scientifique de Beauté,Lait démaquillant peaux sensibles,Lait Démaquillant Hypo-Sensible,200 ml,14.4,No,https://www.academiebeaute.com/products/lait-demaquillant-hypo-sensible,https://cdn.shopify.com/s/files/1/0619/6045/4312/products/hypo-sensible_lait_demaquillant_hypo-sensible.png?v=1674488342,<span data-mce-fragment="1">La première étape d'une jolie peau.</span>
,,,,,,,,,
9121000,Académie Scientifique de Beauté,Sérum anti-âge,Formule Merveilleuse,Default Title,32.4,No,https://www.academiebeaute.com/products/formule-merveilleuse-2,https://cdn.shopify.com/s/files/1/0619/6045/4312/products/Formule_merveilleuse_ancienne_version.png?v=1666187676,<p>Une formule tout simplement révolutionnaire.</p>
,,,,,,,,,
2031000,Académie Scientifique de Beauté,Soin Éclat,Aquabaume Éclat,Default Title,21.6,Yes,https://www.academiebeaute.com/products/aquabaume-eclat-2,https://cdn.shopify.com/s/files/1/0619/6045/4312/products/Radiance_aquabaume_eclat_toutes_peaux.png?v=1666187397,<p>Un soin enrichi en extrait d'abricot pour un éclat immédiat.</p>
,,,,,,,,,
2024050,Académie Scientifique de Beauté,Masque visage abricot,Masque à l'Abricot,Default Title,7.2,Yes,https://www.academiebeaute.com/products/masque-labricot,https://cdn.shopify.com/s/files/1/0619/6045/4312/products/Masque_a_l_abricot_traitement_hebdomadaire.png?v=1666188538,<p>Redonnez de l'éclat à votre peau !</p>
,,,,,,,,,
d91eaa3a-17cb-4279-8e6d-2b01fc43532c,Académie Scientifique de Beauté,Soins post épilation,Routine Post-Épilation,Default Title,81.6,Yes,https://www.academiebeaute.com/products/bap-be840fc9-7816-4591-8485-a3782df0e0dd,https://cdn.shopify.com/s/files/1/0619/6045/4312/files/gammepastille.png?v=1686653676,"<p>Vous en avez assez des poils qui repoussent trop vite ? Avec cette routine de soins post-épilation, prenez soin de votre corps après l'épilation. Grâce à des actifs ralentisseurs de repousse du poil, vous espacez peu à peu les séances d'épilations, évitez les poils incarnés et gardez une douceur longue durée !</p>"
,,,,,,,,,
26ccbc63-c2f2-48c2-b140-4a2199ce6580,Académie Scientifique de Beauté,Matifiant Homme,Ma Routine au Masculin - Men,Default Title,90.95,Yes,https://www.academiebeaute.com/products/ff5be10a-79cd-4262-b41c-1f1baa0f6fe5,https://cdn.shopify.com/s/files/1/0619/6045/4312/files/bundle-men.png?v=1687167259,<p></p>
,,,,,,,,,
753a7f5a-a859-49de-9015-63c903f73fc3,Académie Scientifique de Beauté,Lait crème corps,Rituel Spa Jungle Tropicale,Default Title,36.47,Yes,https://www.academiebeaute.com/products/d878ef61-1cc8-47ae-95a2-afc32cf58a8d,https://cdn.shopify.com/s/files/1/0619/6045/4312/files/bundletroussejungletropicale.png?v=1686237688,"<p>Découvrez notre Rituel Spa Jungle Tropical pour un moment d'évasion.</p>
<p><ins>Inclus</ins> :</p>
<p>1 Masque Peeling Cocktail Exotique<br>1 Lait Crème Corps Source Exotique<br>1 Gommage Corps Nectar Tropical<br>1 Trousse offerte</p>"
,,,,,,,,,
1004030,Académie Scientifique de Beauté,Crème hydratante,Crème Veloutée - Édition Limitée,Default Title,25,Yes,https://www.academiebeaute.com/products/creme-veloutee-edition-limitee,https://cdn.shopify.com/s/files/1/0619/6045/4312/files/creme.png?v=1688543504,"<p>Découvrez la Crème Veloutée dans son format découverte 30 ml, à <meta charset=""utf-8""><span data-mce-fragment=""1"">25? au lieu de 33?.</span></p>
<p>Le soin parfait pour une peau repulpée, douce et hydratée toute la journée ! </p>"
,,,,,,,,,
e418f4c0-8125-4aca-96fa-d59f2161528d,Académie Scientifique de Beauté,Coffret soin du corps,Rituel Spa Fleur de Tiaré,Default Title,37.4,Yes,https://www.academiebeaute.com/products/bap-222acd63-136f-4c43-8419-b2b94978a270,https://cdn.shopify.com/s/files/1/0619/6045/4312/files/bundleterredesvahines_7578b553-9cd6-41a6-9df1-38cc21aceee7.png?v=1688976255,"<p>Votre rituel corps inspiré du Spa vous transporte au c?ur de la Polynésie. Le parfum exotique de la Fleur de Tiaré procure immédiatement une sensation de bien-être et de détente !</p>
<p> </p>"
,,,,,,,,,
482804,Accessoires,Gant applicateur autobronzant,Gant Applicateur d'Auto-Bronzant,Default Title,10,Yes,https://www.academiebeaute.com/products/gant-applicateur-dauto-bronzant,https://cdn.shopify.com/s/files/1/0619/6045/4312/products/Bronzexpress_gant-applicateur-autobronzant.png?v=1666344354,<p>Pour une application rapide et sans traces.</p>
,,,,,,,,,
11300556-c100-48c4-a21f-7f9de032e2e8,Accessoires,Autobrozant teinté,Lotion Auto-Bronzante Teintée  Gant Applicateur d'Auto-Bronzant,Default Title,32.3,Yes,https://www.academiebeaute.com/products/bap-92bb62da-566d-41c1-8e17-85607f991e46,https://cdn.shopify.com/s/files/1/0619/6045/4312/files/bundle-pastille-reduction.png?v=1684308568,"<p><span style=""color: rgb(0,0,0);background-color: rgb(255,255,255);font-size: 14px;font-family: Montserrat, sans-serif;"">L'icône des autobronzants et son gant pour une application rapide et sans traces ! </span></p>"
,,,,,,,,,
8029000,Anti-âge,,Crème Hydratante Survitaminée,Default Title,73,Yes,https://www.academiebeaute.com/products/creme-hydratante-survitaminee,https://cdn.shopify.com/s/files/1/0619/6045/4312/products/DermActe_creme_hydratante_survitaminee_33d80d29-39b4-4637-a6ce-a608b824044a.png?v=1666103651,<p>Injectez un cocktail d'énergie à votre peau !</p>
,,,,,,,,,
8021000,Anti-âge,Soin anti-âge contour des yeux,Réparateur Intensif Yeux,Default Title,45,Yes,https://www.academiebeaute.com/products/reparateur-intensif-yeux,https://cdn.shopify.com/s/files/1/0619/6045/4312/products/DermActe_reparateur_intensif_yeux_a992902b-1845-4efd-81a3-9c7f91349a81.png?v=1666104088,<p>Contour des yeux 2 en 1.</p>
,,,,,,,,,
8031000,Anti-âge,Crème anti-âge,Crème Anti-Âge Multi-Correction,Default Title,100,Yes,https://www.academiebeaute.com/products/creme-anti-ge-multi-correction,https://cdn.shopify.com/s/files/1/0619/6045/4312/products/Derm_Acte_creme_anti-age_multi_correction.png?v=1666343886,<p>Votre bouclier anti-âge global.</p>
,,,,,,,,,
8028000,Anti-âge,Sérum anti-âge,Sérum Hydratant Intensif 4D,Default Title,77,Yes,https://www.academiebeaute.com/products/serum-hydratant-intensif-4d,https://cdn.shopify.com/s/files/1/0619/6045/4312/products/DermActe_UV_serum_hydratant_intensif_4D_c84ff407-95b8-4a73-bf53-371611a72d16.png?v=1666104368,<p>Inspiré des injections de comblement à l'acide hyaluronique.</p>
,,,,,,,,,
8010000,Anti-âge,,Crème Peeling Rénovatrice Nuit,Default Title,73,Yes,https://www.academiebeaute.com/products/creme-peeling-renovatrice-nuit,https://cdn.shopify.com/s/files/1/0619/6045/4312/products/DermActe_creme_peeling_renovatrice_nuit.png?v=1666103671,<p>L'expérience du peeling dermatologique à domicile.</p>
,,,,,,,,,
8035000,Anti-âge,Complément Alimentaire,Collagène à Boire,Default Title,42,Yes,https://www.academiebeaute.com/products/collagene-a-boire,https://cdn.shopify.com/s/files/1/0619/6045/4312/products/8035.png?v=1677768824,Démarrez votre cure de collagène à boire !
,,,,,,,,,
8032000,Anti-âge,Sérum anti-âge,Sérum Correcteur Rides Intensif,Default Title,105,Yes,https://www.academiebeaute.com/products/serum-correcteur-rides-intensif,https://cdn.shopify.com/s/files/1/0619/6045/4312/products/DermActe_serum_correcteur_rides_intensif_af310f6b-96b2-420d-8104-66b77eed4f93.png?v=1666104121,<p>Le booster d'efficacité de votre routine anti-rides.</p>
,,,,,,,,,
8011001,Anti-âge,Eau démaquillante,Eau Démaquillante Micellaire,Default Title,32,Yes,https://www.academiebeaute.com/products/eau-demaquillante-micellaire,https://cdn.shopify.com/s/files/1/0619/6045/4312/products/DermActe_eau-demaquillante_76c11b05-0e73-4459-ac22-97e7ae75fdd1.png?v=1666103751,<p>Solution démaquillante express.</p>
,,,,,,,,,
8010712,Anti-âge,Coffret cosmétiques,Coffret Duo Effet Peau Neuve,Default Title,73,Yes,https://www.academiebeaute.com/products/coffret-duo-effet-peau-neuve,https://cdn.shopify.com/s/files/1/0619/6045/4312/products/DermActe_Coffret_Duo-effet_peau_neuve2.png?v=1669970035,Rénovez votre peau nuit après nuit !
,,,,,,,,,
8017100,Anti-âge,Masque vitaminé,Masque Multi-Vitaminé,Default Title,39,Yes,https://www.academiebeaute.com/products/masque-multi-vitamine,https://cdn.shopify.com/s/files/1/0619/6045/4312/products/DermActe_masque_multivitamine_f86f3565-bc40-4e14-8118-1413c9c7959a.png?v=1666104032,"<p>Votre cocktail vitaminé : vitamines E, C, PP et Provitamine B5.</p>"
,,,,,,,,,
8009000,Anti-âge,,Comblement Rides Express,Default Title,60,Yes,https://www.academiebeaute.com/products/comblement-rides-express,https://cdn.shopify.com/s/files/1/0619/6045/4312/products/DermActe_comblement_rides_express_58be1c08-300f-45de-ac7d-ab8e065f774b.png?v=1666103582,<p>Traite et camoufle visiblement les rides.</p>
,,,,,,,,,
8370000,Anti-âge,Sérum éclaircissant,Pré-Sérum Hydratant Éclaircissant,Default Title,47,Yes,https://www.academiebeaute.com/products/pre-serum-hydratant-eclaircissant,https://cdn.shopify.com/s/files/1/0619/6045/4312/products/DermActe_preserum_hydratant_eclaircissant_00ea59aa-0715-4ff4-bf7d-373658a8d6ec.png?v=1666104060,<p>Le soin booster d'efficacité de votre sérum.</p>
,,,,,,,,,
8025000,Anti-âge,Gommage visage,Gommage Resurfaçant,Default Title,39,Yes,https://www.academiebeaute.com/products/gommage-resurfa-ant,https://cdn.shopify.com/s/files/1/0619/6045/4312/products/DermActe_gommage_resurfacant_0825c799-896c-4cba-af7a-a3b2a0c1485d.png?v=1666103827,<p>Crème ultra-exfoliante inspirée de la Microdermabrasion.</p>
,,,,,,,,,
8310000,Anti-âge,Gel nettoyant éclaircissant,Gel Nettoyant Éclaircissant,Default Title,35,Yes,https://www.academiebeaute.com/products/gel-nettoyant-eclaircissant,https://cdn.shopify.com/s/files/1/0619/6045/4312/products/DermActe_gel_nettoyant_eclaircissant_vitamineC_14ff6ca2-7952-4e20-b736-9f174494a116.png?v=1666103803,<p>Le premier geste d'une peau parfaite !</p>
,,,,,,,,,
8032700,Anti-âge,,Cracker Beauté,Default Title,95,Yes,https://www.academiebeaute.com/products/cracker-beaute,https://cdn.shopify.com/s/files/1/0619/6045/4312/products/Cracker_beaute_derm_acte.png?v=1673008716,<p>L'idée cadeau parfaite en toute occasion !</p>
,,,,,,,,,
8360000,Anti-âge,Protection solaire SPF 50,UV Écran White 365 Jours SPF 50,Default Title,54,Yes,https://www.academiebeaute.com/products/uv-ecran-white-365-jours,https://cdn.shopify.com/s/files/1/0619/6045/4312/products/DermActe_UV_ecran_white_365jours.png?v=1666104341,<p>Soin 3 en 1 ultra protecteur - SPF 50.</p>
,,,,,,,,,
8034000,Anti-âge,Crème regalbante,Crème Lift-Regalbante Cou & Décolleté,Default Title,80,Yes,https://www.academiebeaute.com/products/creme-lift-regalbante-cou-decollete,https://cdn.shopify.com/s/files/1/0619/6045/4312/products/Produit_DermActe_creme_lift_regalbante_cou_decollete.png?v=1669367446,Crème liftante inspirée de la cryolipolyse.
,,,,,,,,,
8029700,Anti-âge,Kit voyage crème anti-âge,Kit Voyage Mes Indispensables,Default Title,29,Yes,https://www.academiebeaute.com/products/kit-voyage-mes-indispensables,https://cdn.shopify.com/s/files/1/0619/6045/4312/products/Derm_Acte_Kit_voyage_mes_indispensables.png?v=1666342559,<p>La technicité des soins Dermo-Cosmétiques en format voyage.</p>
,,,,,,,,,
8026000,Anti-âge,Protection solaire SPF 50,UV Écran 365 Jours SPF 50,Default Title,51,Yes,https://www.academiebeaute.com/products/uv-ecran-365-jours,https://cdn.shopify.com/s/files/1/0619/6045/4312/products/DermActe_UV_ecran_365jours_66bc9152-3e61-493c-8cc1-ff82ca5a49e5.png?v=1666104315,<p>Bouclier citadin Anti-pollution et Anti-UV - SPF 50.</p>
,,,,,,,,,
8030000,Anti-âge,Disques exfoliants,Disques Exfoliants Double Face,Default Title,49,Yes,https://www.academiebeaute.com/products/disques-exfoliants-double-face,https://cdn.shopify.com/s/files/1/0619/6045/4312/products/DermActe_disques_exfoliants_double_face_fa1f1fa5-67c9-459b-bbae-8bff630bc2ff.png?v=1666103724,<p>Une exfoliation efficace et rapide en un seul geste !</p>
,,,,,,,,,
8390000,Anti-âge,Sérum correcteur,Sérum Correcteur Unifiant,Default Title,80,Yes,https://www.academiebeaute.com/products/serum-correcteur-unifiant,https://cdn.shopify.com/s/files/1/0619/6045/4312/products/DermActe_serum_correcteur_unifiant_f8ee6e9b-9d23-42ff-9c5c-5eddd44c1d12.png?v=1666104150,<p>Réduit les taches et unifie le teint.</p>
,,,,,,,,,
8380000,Anti-âge,Crème visage éclat,Crème Unifiante Illuminatrice,Default Title,76,Yes,https://www.academiebeaute.com/products/creme-unifiante-illuminatrice,https://cdn.shopify.com/s/files/1/0619/6045/4312/products/DermActe_creme_unifiante_illuminatrice_3ee07682-ebc6-4a20-9a7b-9ff3bf88c7e9.png?v=1666103694,<p>Révèle l'éclat du teint.</p>
,,,,,,,,,
8018000,Anti-âge,Fluide hydratant haute protection SPF 30,Fluide Hydratant Haute Protection SPF 30,Default Title,47,Yes,https://www.academiebeaute.com/products/fluide-hydratant-haute-protection,https://cdn.shopify.com/s/files/1/0619/6045/4312/products/DermActe_fluide_hydratant_haute_protection_0a2b2465-b6b5-4b76-a480-4b6c3858be9e.png?v=1666103781,<p>Le geste protecteur Anti-UVA/ UVB - SPF 30.</p>
,,,,,,,,,
8027000,Anti-âge,Soin post-peeling,Soin Réparateur Post-Peeling,Default Title,44,Yes,https://www.academiebeaute.com/products/soin-reparateur-post-peeling,https://cdn.shopify.com/s/files/1/0619/6045/4312/products/DermActe_soin_reparateur_post_peeling.png?v=1666104220,<p>Accélère le processus d'apaisement des peaux irritées.</p>
,,,,,,,,,
8320001,Anti-âge,Lotion éclaircissante,Lotion Tonique Éclaircissante,Default Title,32,Yes,https://www.academiebeaute.com/products/lotion-tonique-eclaircissante-1,https://cdn.shopify.com/s/files/1/0619/6045/4312/files/8320001.png?v=1688116186,Soin 2 en 1 Tonifiant &amp; Unifiant.
,,,,,,,,,
8017101,Anti-âge,Gift,Échantillon Masque Multi-Vitaminé,Default Title,0,Yes,https://www.academiebeaute.com/products/echantillon-masque-multi-vitamine,https://cdn.shopify.com/s/files/1/0619/6045/4312/products/Echantillon_Derm-Act_Masque_multi-vitamine.png?v=1667815159,
,,,,,,,,,
8010101,Anti-âge,Gift,Échantillon Crème Peeling Rénovatrice Nuit,Default Title,0,Yes,https://www.academiebeaute.com/products/echantillon-creme-peeling-renovatrice-nuit,https://cdn.shopify.com/s/files/1/0619/6045/4312/products/Echantillon_Derm-Act_creme_peeling_renovatrice_nuit.png?v=1667815089,
,,,,,,,,,
8028700,Anti-âge,Sérum anti-âge,Sérum Hydratant Intensif 4D - Édition Limitée,Default Title,77,Yes,https://www.academiebeaute.com/products/serum-hydratant-intensif-4d-edition-limitee,https://cdn.shopify.com/s/files/1/0619/6045/4312/files/serumhydratant4D.png?v=1688543418,"<p>Ce sérum riche en 4 acides hyaluroniques procure une hydratation intense, lisse et comble les rides.</p>
<p>Découvrez son format 50 ml à prix avantage : 77? au lieu de 128?, soit 20 ml de soin offert !</p>"
,,,,,,,,,
482000,Autobronzant corps,Autobrozant teinté,Lotion Auto-Bronzante Teintée,Default Title,28,Yes,https://www.academiebeaute.com/products/lotion-auto-bronzante-teintee,https://cdn.shopify.com/s/files/1/0619/6045/4312/products/Bronzexpress_Lotion_autobronzante_teintee_visage_corps.png?v=1666344842,<p>L'icône des autobronzants.</p>
,,,,,,,,,
480000,Autobronzant corps,Autobronzant teinté intense,Lotion Auto-Bronzante Teintée Intense,Default Title,33,Yes,https://www.academiebeaute.com/products/lotion-auto-bronzante-teintee-intense,https://cdn.shopify.com/s/files/1/0619/6045/4312/products/Bronz_express_Lotio_auto-bronzante_teintee_intense_f4b65dd8-cc58-46e0-9094-c782ba1d2ab6.png?v=1666251668,<p>Une eau bronzante intense pour un hâle tropical.</p>
,,,,,,,,,
481000,Autobronzant corps,Gouttes Autobronzantes,Gouttes Magiques Éclat,Default Title,41,Yes,https://www.academiebeaute.com/products/gouttes-magiques-eclat,https://cdn.shopify.com/s/files/1/0619/6045/4312/products/Bronz_express_gouttes_magiques_eclat.png?v=1666251111,<p>Gouttes Autobronzantes pour un hâle sur-mesure.</p>
,,,,,,,,,
476000,Autobronzant corps,Autobronzant progressif,Gelée Auto-Bronzante Progressive Teintée,Default Title,32,Yes,https://www.academiebeaute.com/products/gelee-auto-bronzante-progressive-teintee,https://cdn.shopify.com/s/files/1/0619/6045/4312/products/Bronzexpress_gelee_auto-bronzante_progressive_teintee_corps_a388519d-b470-466e-a44e-6b943fb60c7e.png?v=1666344611,<p>Autobronzant corps naturel &amp; progressif.</p>
,,,,,,,,,
477000,Autobronzant corps,Mousse autobronzante,Mousse Auto-Bronzante Teintée,Default Title,40,Yes,https://www.academiebeaute.com/products/mousse-auto-bronzante-teintee,https://cdn.shopify.com/s/files/1/0619/6045/4312/products/Bronzexpress_Mousse_auto-bronzante_teintee_corps.png?v=1666344802,<p>Autobronzant mousse au fini naturel satiné.</p>
,,,,,,,,,
499030,Autobronzant visage,Gel autobronzant,Gel Auto-Bronzant Teinté,Default Title,33,Yes,https://www.academiebeaute.com/products/gel-auto-bronzant-teinte,https://cdn.shopify.com/s/files/1/0619/6045/4312/products/Bronzexpress_gel_auto-bronzant_teinte_6d619a55-2c20-4da1-9e44-7c63077cb97d.png?v=1666342075,<p>Autobronzant visage pour un hâle naturel instantané.</p>
,,,,,,,,,
479000,Avant-Après Soleil,Lait hydratant sublimateur de bronzage,Lait Hydratant Sublimateur,Default Title,22,Yes,https://www.academiebeaute.com/products/lait-hydratant-sublimateur,https://cdn.shopify.com/s/files/1/0619/6045/4312/products/BronzExpress_lait_hydratant_sublimateur_corps.png?v=1666188398,<p>Embellisseur de bronzage.</p>
,,,,,,,,,
478000,Avant-Après Soleil,Gel douche gommant,Gel Douche Gommant,Default Title,25,Yes,https://www.academiebeaute.com/products/gel-douche-gommant,https://cdn.shopify.com/s/files/1/0619/6045/4312/products/Bronzexpress_gel_douche_gommant-preparateur-bronzage.png?v=1666344563,<p>Préparateur de bronzage.</p>
,,,,,,,,,
482103,Bronz'Express,Gift,Échantillon Lotion Auto-Bronzante Teintée,Default Title,0,Yes,https://www.academiebeaute.com/products/echantillon-lotion-auto-bronzante-teintee,https://cdn.shopify.com/s/files/1/0619/6045/4312/products/Bronzexpress_Lotion_autobronzante_teintee_echantillon.png?v=1667814967,
,,,,,,,,,
8029101,Derm Acte,Gift,Échantillon Crème Hydratante Survitaminée,Default Title,0,Yes,https://www.academiebeaute.com/products/echantillon-creme-hydratante-survitaminee,https://cdn.shopify.com/s/files/1/0619/6045/4312/products/echantillon-creme-hydratante-survitaminee.png?v=1680266194,
,,,,,,,,,
8028101,Derm Acte,Gift,Échantillon Sérum Hydratant Intensif 4D,Default Title,0,Yes,https://www.academiebeaute.com/products/echantillon-serum-hydratant-intensif-4d,https://cdn.shopify.com/s/files/1/0619/6045/4312/files/8028101_6f8908b3-8a0b-473c-a3de-22875c33ac76.png?v=1685625233,
,,,,,,,,,
8026101,Derm Acte,Gift,Échantillon UV Écran 365 jours SPF 50,Default Title,0,Yes,https://www.academiebeaute.com/products/echantillon-uv-ecran-365-jours,https://cdn.shopify.com/s/files/1/0619/6045/4312/files/8026101.png?v=1685624285,
